precipitation_max_mm,temperature_mean_c,relative_humidity_mean_pct,soil_wetness_mean_fraction,soil_wetness_max_fraction,month_sin,month_cos
0.07,19.9,58.36666666666667,0.51,0.7,0.0,1.0
0.07,20.183333333333334,57.86666666666667,0.5033333333333333,0.69,0.0,1.0
0.19,19.793333333333333,56.24666666666667,0.5033333333333333,0.69,0.0,1.0
0.01,19.756666666666664,58.63333333333333,0.4966666666666666,0.68,0.0,1.0
1.01,19.716666666666665,62.32666666666666,0.4966666666666666,0.68,0.0,1.0
0.7,20.540000000000003,68.40666666666667,0.4933333333333333,0.67,0.0,1.0
0.23,20.82333333333333,66.47,0.4933333333333333,0.67,0.0,1.0
0.22,20.596666666666668,66.44333333333333,0.49,0.67,0.0,1.0
0.02,19.87666666666667,63.98,0.4866666666666666,0.66,0.0,1.0
0.01,20.186666666666667,61.556666666666665,0.4833333333333333,0.66,0.0,1.0
0.02,19.41,61.72333333333333,0.48,0.65,0.0,1.0
0.01,18.633333333333336,59.196666666666665,0.48,0.65,0.0,1.0
0.03,18.71,56.46666666666667,0.48,0.65,0.0,1.0
0.0,20.39333333333333,48.553333333333335,0.4766666666666666,0.64,0.0,1.0
2.59,21.146666666666665,58.85,0.4766666666666666,0.64,0.0,1.0
2.7,21.426666666666662,62.223333333333336,0.48,0.65,0.0,1.0
5.4,20.746666666666663,68.06333333333333,0.48,0.65,0.0,1.0
20.55,18.543333333333333,81.04,0.4966666666666666,0.67,0.0,1.0
2.43,19.35666666666667,73.61333333333333,0.51,0.69,0.0,1.0
0.3,19.766666666666666,63.13666666666666,0.5033333333333333,0.68,0.0,1.0
3.25,19.24,66.45333333333333,0.5,0.67,0.0,1.0
7.14,19.236666666666665,71.27666666666666,0.5033333333333333,0.67,0.0,1.0
0.55,19.096666666666668,64.24333333333333,0.5033333333333333,0.67,0.0,1.0
0.36,19.53,59.51,0.4966666666666666,0.66,0.0,1.0
0.14,18.906666666666663,62.17,0.4933333333333333,0.66,0.0,1.0
0.0,19.24,55.44,0.49,0.65,0.0,1.0
0.01,18.953333333333333,53.45333333333334,0.4866666666666666,0.65,0.0,1.0
0.12,20.63,53.13999999999999,0.48,0.64,0.0,1.0
2.54,21.116666666666667,56.68,0.48,0.64,0.0,1.0
3.81,21.38,57.73333333333333,0.48,0.64,0.0,1.0
1.77,20.92333333333333,61.13333333333333,0.48,0.64,0.0,1.0
1.54,20.836666666666662,60.91,0.4766666666666666,0.64,0.4999999999999999,0.8660254037844387
0.96,21.48,64.0,0.4766666666666666,0.64,0.4999999999999999,0.8660254037844387
0.26,21.27,65.90333333333334,0.4733333333333333,0.63,0.4999999999999999,0.8660254037844387
0.31,21.426666666666662,62.98666666666667,0.4733333333333333,0.63,0.4999999999999999,0.8660254037844387
1.06,22.043333333333333,59.086666666666666,0.47,0.62,0.4999999999999999,0.8660254037844387
3.19,21.89,55.68333333333334,0.4666666666666666,0.62,0.4999999999999999,0.8660254037844387
4.5,20.8,62.446666666666665,0.47,0.63,0.4999999999999999,0.8660254037844387
0.24,20.46333333333333,55.376666666666665,0.47,0.63,0.4999999999999999,0.8660254037844387
0.0,20.516666666666666,51.77333333333333,0.4633333333333333,0.62,0.4999999999999999,0.8660254037844387
0.05,20.85333333333333,47.78666666666667,0.4599999999999999,0.61,0.4999999999999999,0.8660254037844387
0.7,21.58333333333333,53.330000000000005,0.4599999999999999,0.61,0.4999999999999999,0.8660254037844387
0.94,21.78,58.72666666666667,0.4566666666666666,0.6,0.4999999999999999,0.8660254037844387
0.35,22.21666666666667,54.91,0.4566666666666666,0.6,0.4999999999999999,0.8660254037844387
1.67,21.930000000000003,54.78333333333333,0.4566666666666666,0.6,0.4999999999999999,0.8660254037844387
0.56,22.286666666666665,55.18,0.4566666666666666,0.6,0.4999999999999999,0.8660254037844387
0.9,22.776666666666667,52.50666666666667,0.4533333333333333,0.59,0.4999999999999999,0.8660254037844387
0.83,23.07333333333333,49.72,0.4499999999999999,0.59,0.4999999999999999,0.8660254037844387
1.74,23.293333333333333,55.66,0.4499999999999999,0.59,0.4999999999999999,0.8660254037844387
1.55,22.08666666666667,60.92666666666667,0.4533333333333333,0.59,0.4999999999999999,0.8660254037844387
1.44,22.02333333333333,57.63666666666668,0.4533333333333333,0.59,0.4999999999999999,0.8660254037844387
2.7,22.403333333333336,58.96,0.4533333333333333,0.59,0.4999999999999999,0.8660254037844387
13.02,21.386666666666667,67.64333333333333,0.4533333333333333,0.59,0.4999999999999999,0.8660254037844387
1.59,21.98333333333333,61.06,0.4599999999999999,0.61,0.4999999999999999,0.8660254037844387
0.21,21.14,62.07666666666668,0.4566666666666666,0.6,0.4999999999999999,0.8660254037844387
8.14,20.19333333333333,68.35333333333334,0.4599999999999999,0.6,0.4999999999999999,0.8660254037844387
1.02,21.886666666666667,60.906666666666666,0.4599999999999999,0.6,0.4999999999999999,0.8660254037844387
0.02,22.016666666666666,53.49,0.4599999999999999,0.6,0.4999999999999999,0.8660254037844387
0.14,21.866666666666664,53.21,0.4533333333333333,0.59,0.4999999999999999,0.8660254037844387
0.02,21.55666666666667,55.96666666666667,0.4499999999999999,0.58,0.8660254037844386,0.5000000000000001
32.51,19.47,67.09333333333333,0.4666666666666666,0.58,0.8660254037844386,0.5000000000000001
0.34,20.44333333333333,56.26,0.47,0.57,0.8660254037844386,0.5000000000000001
1.3,20.846666666666668,54.406666666666666,0.4633333333333333,0.57,0.8660254037844386,0.5000000000000001
6.49,20.433333333333334,50.64333333333334,0.4633333333333333,0.57,0.8660254037844386,0.5000000000000001
10.74,20.64,59.15,0.4599999999999999,0.57,0.8660254037844386,0.5000000000000001
1.25,21.343333333333334,57.56333333333333,0.47,0.59,0.8660254037844386,0.5000000000000001
0.37,22.05,57.60333333333333,0.4633333333333333,0.58,0.8660254037844386,0.5000000000000001
0.13,21.790000000000003,55.70666666666667,0.4599999999999999,0.57,0.8660254037844386,0.5000000000000001
0.1,21.21,53.6,0.4533333333333333,0.56,0.8660254037844386,0.5000000000000001
0.06,21.28,53.10333333333333,0.4466666666666667,0.55,0.8660254037844386,0.5000000000000001
0.03,21.31,50.16,0.4466666666666667,0.55,0.8660254037844386,0.5000000000000001
0.03,21.58,47.8,0.4433333333333333,0.54,0.8660254037844386,0.5000000000000001
0.04,22.09,50.330000000000005,0.4433333333333333,0.54,0.8660254037844386,0.5000000000000001
0.03,22.663333333333338,51.63333333333333,0.4433333333333333,0.54,0.8660254037844386,0.5000000000000001
0.47,22.616666666666664,47.91,0.4366666666666667,0.53,0.8660254037844386,0.5000000000000001
0.19,22.25,54.11666666666667,0.4333333333333333,0.53,0.8660254037844386,0.5000000000000001
0.79,21.83333333333333,52.75333333333333,0.4333333333333333,0.53,0.8660254037844386,0.5000000000000001
1.97,22.62,54.74666666666667,0.43,0.52,0.8660254037844386,0.5000000000000001
0.61,23.19666666666667,52.82666666666668,0.43,0.52,0.8660254037844386,0.5000000000000001
1.03,22.91333333333333,49.04333333333333,0.43,0.52,0.8660254037844386,0.5000000000000001
0.28,22.743333333333336,50.31,0.43,0.52,0.8660254037844386,0.5000000000000001
0.57,23.096666666666664,48.370000000000005,0.4266666666666667,0.51,0.8660254037844386,0.5000000000000001
4.3,23.26,51.173333333333325,0.4266666666666667,0.51,0.8660254037844386,0.5000000000000001
5.41,22.32333333333333,62.586666666666666,0.4333333333333333,0.52,0.8660254037844386,0.5000000000000001
10.81,22.21666666666667,65.07666666666667,0.4366666666666667,0.53,0.8660254037844386,0.5000000000000001
10.21,21.72,66.55666666666666,0.4433333333333333,0.54,0.8660254037844386,0.5000000000000001
30.14,21.616666666666664,70.14,0.45,0.56,0.8660254037844386,0.5000000000000001
14.48,21.76,68.47,0.4833333333333333,0.62,0.8660254037844386,0.5000000000000001
1.32,21.346666666666664,63.78,0.47,0.6,0.8660254037844386,0.5000000000000001
23.96,20.69666666666667,73.00666666666666,0.4733333333333333,0.59,0.8660254037844386,0.5000000000000001
3.33,20.883333333333333,69.88000000000001,0.4766666666666666,0.58,1.0,6.123233995736766e-17
2.68,20.736666666666665,66.98333333333333,0.4766666666666666,0.58,1.0,6.123233995736766e-17
0.71,20.736666666666668,62.74666666666666,0.4733333333333333,0.57,1.0,6.123233995736766e-17
0.51,21.82333333333333,60.02,0.4633333333333334,0.56,1.0,6.123233995736766e-17
0.44,22.473333333333333,56.74333333333334,0.46,0.55,1.0,6.123233995736766e-17
0.06,21.97666666666667,56.906666666666666,0.4533333333333333,0.54,1.0,6.123233995736766e-17
0.02,21.846666666666664,56.09,0.45,0.54,1.0,6.123233995736766e-17
0.08,22.383333333333336,53.49666666666667,0.4466666666666667,0.53,1.0,6.123233995736766e-17
0.04,22.48,56.52666666666666,0.4466666666666667,0.53,1.0,6.123233995736766e-17
0.04,22.33333333333333,55.67666666666667,0.44,0.52,1.0,6.123233995736766e-17
