probability_low,probability_medium,probability_high,predicted_flood_risk_label
0.8945726115615458,0.10202790598336656,0.003399482455087875,Low
0.8819565206978293,0.11464399684708293,0.003399482455087875,Low
0.9041075268229577,0.09249299072195463,0.003399482455087875,Low
0.8880865197919582,0.11184733108628732,6.614912175454166e-05,Low
0.9326150200500065,0.05405164661665997,0.013333333333333334,Low
0.6738581493258353,0.29839324991920657,0.027748600754958084,Low
0.605072475265175,0.3715941914014915,0.023333333333333334,Low
0.6164992888994011,0.36016737776726554,0.023333333333333334,Low
0.7659669099456939,0.21403309005430615,0.02,Low
0.892306363877456,0.10762748700078963,6.614912175454166e-05,Low
0.8924405426337852,0.10749330824446024,6.614912175454166e-05,Low
0.7833300606636069,0.21660379021463863,6.614912175454166e-05,Low
0.8654851195335186,0.13444873134472696,6.614912175454166e-05,Low
0.9643894307229494,0.03561056927705072,0.0,Low
0.5192816867166733,0.41071831328332664,0.07,Low
0.46567612731650626,0.47765720601682704,0.056666666666666664,Medium
0.22666666666666666,0.65,0.12333333333333334,Medium
0.006666666666666667,0.34422091543725714,0.6491124178960762,High
0.2807436384046661,0.46258969492866725,0.25666666666666665,Medium
0.8058350275539904,0.19416497244600947,0.0,Low
0.4028305515153928,0.41071831328332664,0.18645113520128054,Medium
0.12666666666666668,0.6571781628723524,0.21615517046098087,Medium
0.6527645548450335,0.3472354451549665,0.0,Low
0.929320352379987,0.07061349849825833,6.614912175454166e-05,Low
0.7764154137526172,0.2135184371256282,0.010066149121754542,Low
0.8933940984227208,0.10660590157727919,0.0,Low
0.8495869856940779,0.15041301430592205,0.0,Low
0.9729203190274113,0.027079680972588716,0.0,Low
0.5566666666666666,0.39666666666666667,0.04666666666666667,Low
0.28,0.6333333333333333,0.08666666666666667,Medium
0.7777109835854551,0.1922890164145449,0.03,Low
0.687876687551123,0.25545664578221033,0.056666666666666664,Low
0.5523443862433719,0.39990701300167003,0.047748600754958084,Low
0.4822424573279368,0.48442420933872987,0.03333333333333333,Medium
0.5679450730969027,0.41205492690309725,0.02,Low
0.7072788632828895,0.22605447005044388,0.06666666666666667,Low
0.4016891869598828,0.5024544435501619,0.09585636948995525,Medium
0.23786678020489802,0.6221332197951019,0.14,Medium
0.8365903285543268,0.1634096714456733,0.0,Low
0.8527620239130193,0.1472379760869807,0.0,Low
0.86,0.14,0.0,Low
0.8766666666666667,0.11333333333333333,0.01,Low
0.8106111071714803,0.16590526619104257,0.023483626637477117,Low
0.8873166272631416,0.09935003940352495,0.013333333333333334,Low
0.7241252980838075,0.2392080352495258,0.03666666666666667,Low
0.8778635240265797,0.11880314264008694,0.0033333333333333335,Low
0.8109049513632304,0.1657617153034363,0.023333333333333334,Low
0.7871274300853258,0.20620590324800747,0.006666666666666667,Low
0.6232481306035403,0.29341853606312635,0.08333333333333333,Low
0.6913059778175278,0.23468176645014344,0.07401225573232877,Low
0.81851191363849,0.1681547530281767,0.013333333333333334,Low
0.33345423818516706,0.5076032930352058,0.15894246877962714,Medium
0.030885610482943502,0.8235432396134205,0.14557114990363604,Medium
0.616730645023272,0.31592376591106597,0.0673455890656621,Low
0.7389151094721285,0.24775155719453815,0.013333333333333334,Low
0.056666666666666664,0.9,0.043333333333333335,Medium
0.7666488993754037,0.1732008073204525,0.06015029330414379,Low
0.9157267861016245,0.0842732138983755,0.0,Low
0.9481852380312344,0.051814761968765465,0.0,Low
0.841518467265914,0.12514819940075275,0.03333333333333333,Low
0.07,0.8033333333333333,0.12666666666666668,Medium
0.78,0.12333333333333334,0.09666666666666666,Low
0.89,0.056666666666666664,0.05333333333333334,Low
0.5820835110076729,0.297472404873081,0.12044408411924602,Low
0.12333333333333334,0.6766666666666666,0.2,Medium
0.8871892652241943,0.042810734775805666,0.07,Low
0.8389153961836454,0.07554580327018257,0.08553880054617204,Low
0.8433333333333334,0.07,0.08666666666666667,Low
0.78,0.21,0.01,Low
0.7550966726777695,0.24156999398889714,0.0033333333333333335,Low
0.8233333333333334,0.17666666666666667,0.0,Low
0.9066666666666666,0.09333333333333334,0.0,Low
0.9333333333333333,0.06666666666666667,0.0,Low
0.8925634609805627,0.10743653901943719,0.0,Low
0.91,0.08333333333333333,0.006666666666666667,Low
0.8966666666666666,0.06,0.043333333333333335,Low
0.8783703422750686,0.11119021490048117,0.010439442824450354,Low
0.8723959972709846,0.11006105019945463,0.01754295252956076,Low
0.9458758121711912,0.050790854495475345,0.0033333333333333335,Low
0.9458978688871336,0.0507687977795332,0.0033333333333333335,Low
0.9619622653145607,0.028037734685439172,0.01,Low
0.9752955986478941,0.024704401352105842,0.0,Low
0.6862890722343084,0.25323366492804733,0.06047726283764435,Low
0.22307737106855627,0.7223089242582598,0.05461370467318397,Medium
0.037054750069369924,0.809100519413116,0.15384473051751404,Medium
0.08385423364811989,0.7461457663518801,0.17,Medium
0.03333333333333333,0.6558332615370237,0.3108334051296429,Medium
0.0808927523133777,0.4987436702098529,0.42036357747676933,Medium
0.7246647637760997,0.13200190289056699,0.14333333333333334,Low
0.02666666666666667,0.4272473286976178,0.5460860046357154,High
0.8303038719163536,0.03666666666666667,0.1330294614169798,Low
0.81,0.02666666666666667,0.16333333333333333,Low
0.7304764148222218,0.07285691851111153,0.19666666666666666,Low
0.843741988536364,0.05118090363113129,0.10507710783250471,Low
0.93,0.0033333333333333335,0.06666666666666667,Low
0.93,0.03666666666666667,0.03333333333333333,Low
0.91,0.03666666666666667,0.05333333333333334,Low
0.9333333333333333,0.023333333333333334,0.043333333333333335,Low
0.94,0.023333333333333334,0.03666666666666667,Low
0.94,0.05,0.01,Low
